,text,sent,label
0,Let's fucking go. Need to play like champions tonight and humble these idiots.,0.19675401,0.0
1,I know we are incredibly thin at CB but I can't help but feel the loss of Henderson in the midfield has really hindered the performance.  He was having a fantastic year.,0.10978243,0.0
2,"I thought I felt no hype at all, but itâ€™s kicking in just now. Fuck Iâ€™m anxious, FUCK Iâ€™M ANXIOUS AAAAAAAAAA",0.13512188,0.0
3,"Kabak on for Mane when we are up 3-1 with 10min to go, Klopp must be so excited he can make his favorite sub again",0.24928045,0.0
4,"Come on, boys. These are the games you live for -- get out there and prove you've still got the right mentality. Leicester & West Ham have dropped points, fucking win this and put ourselves back in the title challenge. 

Jones starting is good. I love Millie but he was slowing us down. Jones adds some creativity and the ability to run past people, too. Mane back is big -- I've always said he's our big game player, the one who always shows up. 

Wanted Kabak to start but I understand why he wouldn't. We just miss so much with Fab and Hendo at the back, but they're both beasts there. Hendo will especially be well up for this.",0.16806054,0.0
5,No De Bruyne. I like our chances at home.,0.18253079,0.0
6,Henderson and Fabinho is actually a really strong CB partnership tbh. As good as almost every first choice CB pairing in the league.,0.18770832,0.0
7,Pretty big game for Jones. Once those CBs are settled it'll be even harder to get into that midfield. A good showing today could be massive for him.,0.51895344,0.0
8,"Watching this in bed, no stress, can't handle it, Anxiety FC is back too soon for me",0.8825525,0.0
9,"Not anxious in the slightest for me which is actually quite nice! We're well out of the title race imo, we're not going to suddenly win every game between now and the end of season which is fine.

This is a free swing for us and I wouldn't be surprised if both teams are ok with a draw - like the Utd City game at OT.",0.1860893,0.0
10,letâ€™s have a cujo banger and a hendo chip from defense,0.47109112,0.0
11,Anyone used the HotMic app with The Anfield Wrap commentary? Is it worth it? Better than Martin â€˜impartialâ€™ Tyler?,0.66486764,0.0
12,Fabinho and mane are back! Seeing them on the pitch is enough to lift my spirit! Clench power lads! Letâ€™s give our best even in difficult times!,0.54268295,0.0
13,Sky Sports starting their broadcast with the Brighton defeat. Off ya fuck!,0.22222137,0.0
14,If the front three bring their finishing boots then we can win this! Come on lads!,0.98118234,1.0
15,"Come on lads! Nothing to lose now, just play how you want to and be comfortable.",0.629885,1.0
16,Geoff Shreeves shitting himself right now,0.23065463,0.0
17,[deleted],0.6939374,0.0
18,"While everyone going shit on Twitter because Klopp play Fab and Hendo as CB. For me it the best pairing for now. Sure without either of them in midfield it effected our attacking but it mostly when we against team that sit deep. The way City play will open more space for us and with Thiago quality pass and more space for our front 3 to run, we can win this. 4 - 1",0.56280875,0.0
19,Honestly pretty optimistic for this game. Our record against the top teams is really good this season. This team shines under pressure.,0.6578406,0.0
20,I swear to god NBC needs to get there shit together.  I shouldn't have to change feeds three times to go from the LCFC vs Wolves match to premier league live to LFC.,0.08976573,0.0
21,Early prediction: A City player will go down in the box and all 10 of his teammates will flood Oliver.,0.31196588,0.0
22,"well with Leicester drawing against Wolves, we can leapfrog them if we beat them next week even if we lose today. I think there's no pressure or expectation of us winning today and hopefully that can translate into a good performance.",0.092711955,0.0
23,"Any particular reason itâ€™s Adrian and not Kelleher on the bench, given that he was preferred last match? Has Kelleher been playing u23s or something",0.20664692,0.0
24,"Roy Keane's posture just screams ""I fucking hate both of these fanbases, but Sky pays me loads to be here.""",0.15076762,0.0
25,That Ladbrokes ad with the ginger lad jumping up and down like a gobshite makes me irrationally angry.,0.47569764,0.0
26,"Kelleher and Davies not being on the bench are the only surprises here.

I never expected either of the new CBs to play today.  I think there's a gross misunderstanding of why we signed these two players and what we expect from them.",0.09711689,0.0
27,Pisses me off the way Sky Sports talk about Fabinho as if heâ€™s a center back and heâ€™s â€˜backâ€™ where heâ€™s supposed to be.,0.20661107,0.0
28,So glad Mane and Fab made it in time. Weâ€™re really gonna need them.,0.18661621,0.0
29,"Match days feel so negative now, I just see so many people moaning",0.48734435,0.0
30,"I know this isn't related to game but I just wanted to say: Fuck West Brom. That's exactly what you get for not backing your manager with transfers and sacking him for not working a miracle. I get worked up about this because I've been in a situation professionally where my employer gave me no tools or resources to accomplish a monumental task. And I took the fall when the inevitable happened. I hope West Brom gets pegged all the way to the National League for that shit.

Go reds. Fuck city. Pep is bald and so am I.",0.076936334,0.0
31,City could lose 10-0 today and I guarantee Micah Richards wouldn't say a bad thing about them. A proper City apologist.,0.10637015,0.0
32,So is todayâ€™s game not on peacock but on NBCSN?,0.17093986,0.0
33,I know we're not the favourites to win the title right now considering our dreadful january form but a solid win would be really really important and help us to take back the psychological advantage but I'm expecting a draw to be honest.,0.044708163,0.0
34,I swear if Origi sees the pitch before Taki ... oh ...,0.31290033,0.0
35,Come you on reds,0.9025558,1.0
36,NBC just displayed a stat showing Thiago has zero goals in 9 appearances this season as if thats why he was signed lol,0.20520633,0.0
37,"This is Liverpool, we are Champions. Form can get to fuck, we're winning this lads!",0.88031775,1.0
38,Let's go win this lads,0.9625592,1.0
39,"This is a tough game, come on you reds!",0.96263325,1.0
40,"Lot is mentioned about Origi's struggles. But Ox has not been able to play himself into the starting midfield role even when healthy and us having pushed Fab and Hendo to defense. 

Expected more from him.",0.04981491,0.0
41,We rode With this team The past couple of years now for the lows we stick together as one. We can beat anyside we want,0.65062606,0.0
42,"So many fucking betting adverts during this ad break, it's disgusting.",0.7927167,0.0
43,Actually i feel more confident going against city than i felt for a lot of matches. At least they probably wont sit as deep as Burnley or Brighton.,0.55257225,0.0
44,"Worried this could be too much for Curtis, and I wouldâ€™ve liked to see Kabak start. Hoping he proves me wrong though",0.57209,0.0
45,"if we're going to to something spectacular, it has to start today! that's what LFC is all about! MENTALITY MONSTERS

Can't look back, no excuses. lots of adversity this season but we've just got to do is back our lads and will them to play their hearts out!

Up the Reds!",0.22999468,1.0
46,Fuck fuck fuck fuck fuck someone hold me. Here we go,0.30561522,0.0
47,Hard to take Sterling seriously as captain when he's no taller than a mascot.,0.78075695,0.0
48,Aaah ffs we playing injury roulette today?,0.11291495,2.0
49,AppleTV with a bold prediction https://i.imgur.com/qNtUJxF.jpg,0.49449548,0.0
50,This is literally the reverse situation from the Etihad game against them a couple of seasons ago.,0.5389428,0.0
51,...holy fuck what a team that is,0.69076717,1.0
52,Fab back is huge. Cmon boys,0.66312194,1.0
53,I just want a game like last season is that too much to ask,0.26678634,0.0
54,"Big game in midfield and we have a little gem to shine there, Cujo.",0.6610879,0.0
55,Tsmikas on the bench as well!,0.67385626,0.0
56,"Come on Thiago, fuck them up",0.6799538,0.0
57,"Chest pounding, just like the last time we faced them at Anfield. COME ON!!",0.39043617,1.0
58,Let's go Red team!,0.8309248,1.0
59,raheem the captain at anfield lol,0.27864113,0.0
60,Game hasn't even started and Tyler is already talking about Klopp's press conferences.,0.779034,0.0
61,Anyone know why Adrian is on the bench instead of Kweev?,0.36330613,0.0
62,"#**and its live**

Fucking hell, what a shit catchphrase delivered with zero conviction",0.16757706,0.0
63,Tyler stirring shit already about Kloppâ€™s comments. What a old bitter useless cunt he is,0.8315123,0.0
64,Christ Martin Tyler sounds like he's just come out of a coma,0.8201983,0.0
65,Let's go Reds !,0.7901986,1.0
66,#LETS GOOOOOO,0.6939374,1.0
67,"My little boy has just win 3-0 as the red team v the blue team in the Mario Party football minigame, if that's not a sign I don't know what it

This will be 3-0 Bowser Jr hat-trick",0.66633546,0.0
68,carra backing us straight away...,0.14956468,0.0
69,"yes, the pressing!",0.80109453,1.0
70,Fucking fight like hell lads,0.5639547,1.0
71,Ok it is still weird to me that Klopp is not wearing the LFC cap,0.5651426,0.0
72,thank god I dont have to watch the game on the cock,0.86159205,0.0
73,Mane :(,0.6939374,0.0
74,"Why Thiago, WHY",0.19525948,2.0
75,"Looks like we got Gini in the 6 and Thiago at 8, into these",0.27699736,0.0
76,[deleted],0.6939374,0.0
77,how did that end up back with the keeper,0.23433235,0.0
78,"Yellow for Thiago, as is tradition.",0.3472998,2.0
79,FFS Thiago,0.2980199,2.0
80,Welcome to the Kop - Thiago,0.21932256,0.0
81,Thiago please stop sliding in,0.47510493,2.0
82,Such an early yellow...,0.27467299,2.0
83,Ederson gives the ball straight to Mane and we ended up passing back to Alisson...,0.19279596,0.0
84,Oh shit he broke,0.7696705,0.0
85,Well what a silly yellow to pick up,0.17136604,0.0
86,Thiago in the book already as per,0.5860784,0.0
87,STOP GOING TO GROUND THIAGO FFS,0.22638935,2.0
88,Thiago loves a slide,0.8958204,2.0
89,Thiago can't help himself,0.88333106,0.0
90,Thiago is pretty much a guaranteed booking I might start getting on him!,0.31341815,0.0
91,Thiago needs to get that shit out of his game,0.32481045,2.0
92,Keeper gives it right to us and we immediately slow it down. Think if youâ€™ve got a crowd that isnâ€™t allowed to happen,0.09409717,2.0
93,He is fouling way to much imo.,0.47542918,2.0
94,Thiago you legend,0.74575734,1.0
95,What the fuck are you doing Thiago,0.22942027,2.0
96,"Thiago and getting a booking inside 3 minutes, name a better duo. Can't remember a player who is more of a yellow card magnet than him.",0.42285115,0.0
97,Thiago needs to time his tackles better.,0.11599326,2.0
98,Thiago the hitman LOL,0.6477553,0.0
99,How the fuck did we go from a Ederson error to thiago getting booked and loosing the ball.. Fuck sake!!,0.036402315,2.0
100,How many of Thiago's starts have had his first challenge be a yellow card? This has gotta be at least 3,0.1301114,2.0
101,Stop sliding on every play Thiago!,0.69976926,2.0
102,Ffs thiago loves an early yellow,0.2813481,2.0
103,Tackling isn't his strong point is it?,0.21533468,2.0
104,Thiago gives away too many fouls,0.1696823,2.0
105,Damn. Thiago loves early yellow,0.6205048,0.0
106,Not sure what Thiago is thinking there...,0.34890965,2.0
107,Oliver is literally only giving a card because Gundogan stayed down,0.44034642,0.0
108,Someone tell Thiago to stop with those slide tackles ffs.,0.22182715,2.0
109,For god sake Thiago can you keep your head for 2 minutes,0.8333266,2.0
110,Thiago loves a yellow,0.61236835,0.0
111,"Thiago needs to stop these rash tackles, this is happening too many times",0.26967847,2.0
112,Is there a match that thiago didnt take yellow? Jeez! Stop tackling my man.,0.6100262,2.0
113,Getting booking inside 2 minutes is exactly why I'm not convinced at all by Thiago.,0.17660105,2.0
114,Have they not told Thiago anything about going to ground so much?,0.105462134,0.0
115,[deleted],0.6939374,0.0
116,thiago has no chill,0.2327734,2.0
117,Hobo pep lmao,0.32179463,0.0
118,Has Thiago gotten booked within 5 minutes every match so far?,0.24150398,0.0
119,"Thiago is amazing, but jesus his tackling is awful.",0.18405133,0.0
120,"WTF???  We get a gift from Ederson to Mane, and proceed to work it all the way back to Alisson who just boots it back to City. We have totally lost our killer instinct",0.45046893,2.0
121,Thiago needs to stop being so reckless. Almost every game he makes a reckless challenge,0.13018626,2.0
122,Every single game Thiago gets a yellow,0.31566358,0.0
123,"I'm sorry but why the fuck does Thiago just slide in all the time?

No reason to dive in there, baffling stuff",0.0739097,2.0
124,Ah the obligatory thiago yellow,0.1929808,0.0
125,Wow all better! Shocking,0.8150917,0.0
126,Surely heâ€™s gonna have to miss a game with accumulation soon,0.50816345,0.0
127,Thiago off at half time then,0.29507267,0.0
128,Thiago is out of his mind last few games,0.8012196,2.0
129,Pep looks like he's going to rob an arctic bank,0.12778115,0.0
130,how did he get away with it if he got a yellow neville you donkey,0.062286884,0.0
131,Thiago just statpadding with yellows at this point tbh,0.573919,0.0
132,Ffs Thiago,0.2980199,2.0
133,Thiago just loves lunging in early in games. The man is always on a yellow,0.7020943,0.0
134,How many yellows is Thiago away from a suspension?,0.112912744,0.0
135,I love the guy but thiago is utter shite at tackling lmao,0.42126474,2.0
136,"That is a shite challenge

Every single match from thiago",0.34134567,2.0
137,I think thereâ€™s a slight possibility the lads were told to foul Gundogan,0.56403255,0.0
138,How can such an experienced player get such a stupid yellow card this early ffs.,0.1981236,2.0
139,Thiago is class but he fucking lives for stupid challenges,0.16850984,2.0
140,Went from an ederson error all the way back to Alison.,0.6152036,0.0
141,Thiago is the worst slide tackling midfielder I have ever seen haha,0.22120652,2.0
142,"Gary Neville saying Thiago ""gets away with"" rough tackles because he's a silky footballer.

What? He gets SO MANY yellow cards.",0.07578829,0.0
143,Fucking Firmino come on man simple pass,0.96243906,2.0
144,"Thiago lad, c'mon",0.9192892,2.0
145,"Citeh fans wonâ€™t like Thiago after that.



Lol",0.20640841,0.0
146,Gundogans dickhead reaction has bought that yellow. And shock heâ€™s absolutely fine. Cunt.,0.13011622,2.0
147,Thiago loves getting carded.,0.7993357,0.0
148,Hope he's ok but appreciate the challenge,0.22959313,0.0
149,Thiago really needs to cut out the slide tackling,0.044237137,2.0
150,"Everytime, Thiago. Everytime",0.6939374,0.0
151,Man thiago is so reckless,0.36573067,2.0
152,Thiago pressing Square when he should just jockey,0.3699378,2.0
153,thiago needs to watch out a bit lmao,0.044792473,2.0
154,I think i realize why Thiago has a history of always being injured. He slide tackles everything with a pulse and jumps into every single aerial challenge. Might wanna take it down a noch.,0.21517867,0.0
155,City are pressing like I do when I'm 3-0 down on Fifa,0.28678572,0.0
156,I think what we are seeing with Thiago is a byproduct of not having Hendo and Fabinho in midfield,0.39145207,0.0
157,Fucksake Firmino.,0.6939374,2.0
158,2 minutes in and on a deserved yellow for a completely unnecessary foul. How stupid,0.123889714,2.0
159,The pace on this game,0.9407227,0.0
160,"Jeez, I arrived two mins late and Thiago is already booked?",0.2950861,0.0
161,the fuck is this passing,0.32960698,2.0
162,Firmino's touch is diabolical,0.7950766,2.0
163,"Firmino: ""I pass to the guys in blue shirts right?""",0.27238646,0.0
164,Thiago is fucking reckless man. Gonna get sent off.,0.5743898,2.0
165,Hahahaha Iâ€™m sick and tired of Bobby giving the ball away,0.13501707,2.0
166,God damn firmino.,0.8508539,2.0
167,"Awesome, Thiago canâ€™t make a tackle now for 90 odd minutes",0.7696579,0.0
168,Thiago gives away so many needless fouls. Now he has to walk on eggshells for the rest of this game.,0.50797623,0.0
169,"Another meaningless tackle, another yellow card for thiago... ðŸ¤¦",0.64944226,2.0
170,Thiago is already booked in the third minute. Can easily get sent off today.,0.19536531,0.0
171,"Needless yellow so soon.

I know in high profile matches it's psychological to get a heavy challenge in early but like... at least do so where you win the ball or don't get carded.",0.17586863,2.0
172,"geez, thiago really needs to calm down with those sliding tackles

he's gonna get booked every game if he keeps this up",0.08266914,2.0
173,Thiago plays like the guy on FIFA that doesn't know you can standing tackle,0.45503783,0.0
174,Thiago's tackling is so shocking lol,0.27486086,0.0
175,Does Thiago tackle like this in training? Might explain our injuries,0.6400603,0.0
176,"Sure that tackle was unnecessary but he sure did milk it for everything it was worth, Jesus.",0.41475412,0.0
177,Did Thiago have these discipline problems at Bayern? Too often heâ€™s had these rash challenges early on and a few very early yellows.,0.39976197,0.0
178,Oh godness what the fuck are they doing,0.111527056,2.0
179,If weâ€™re even competitive itâ€™s a testament. Playing Pepâ€™s City with two midfielders at CB is wild.,0.31972843,0.0
180,This level of city pressing is unprecedented. We can get a goal on counter,0.86940485,0.0
181,Lmao I'm out you guys are bugging out,0.4260748,0.0
182,"They're doing that same shit again where they try to counteract our press by playing across their own goal line, so annoying to watch",0.10627943,2.0
183,Sick of hearing that Ruben Dias has had the same impact that Van Dijk had on us.,0.34301478,2.0
184,Thiago is scaring the fuck out of me. Feel like he's gonna pick up another yellow before half time.,0.32561848,2.0
185,I feel like Thiago has genuinely played more minutes for us on a yellow than he has without at this point..,0.568077,0.0
186,Cited doing well to beat press imo,0.22603333,0.0
187,Curtis mate,0.6939374,0.0
188,Does anyone else miss the 17/18 camera angle?,0.50239813,0.0
189,"If Ederson made that mistake 3 years ago it's 1-0 to us, he makes it now and we send the ball back to our defence.",0.31431365,0.0
190,Who dresses Pep?? He looks like my grandmother,0.49611694,0.0
191,Ok boys it was a bad tackle by Thiago letâ€™s move on we have bigger fish to fry here,0.7526164,0.0
192,This sub has turned into shit.,0.59373325,2.0
193,Pep getting some fashion inspiration from a grandmother lmao,0.40407252,0.0
194,I'm convinced Thiagos whole family bets on him getting a yellow and Thiago is just playing his part for them,0.15258995,0.0
195,I feel like the 19-20 Liverpool wouldâ€™ve gotten than gift form Ederson and at least create a chance. Not pass it back to fucking Ali,0.7207546,0.0
196,What the fuck does pep look like. What a penis,0.19805673,2.0
197,CB partnership of VVD and Dias would be one of the greatest in prem history tbh. City signed a gem.,0.2599162,0.0
198,Shut the fuck up Tyler Jesus Christ,0.2425915,2.0
199,Alisson makes me sweat so hard at times,0.767262,0.0
200,Why does Pep look like a granny going out to the Christmas markets,0.09346399,0.0
201,Whatâ€™s up with all these ball over the top. Citeh are taller than our front three haha,0.8190884,0.0
202,Really wish that Keita will play beside Thaigo. Think they would complement each other really well.,0.076348335,0.0
203,Thiago is gonna get himself sent off some day soon.,0.22393414,0.0
204,"Almost caught them there, having a mid follow the press from the front 3 will be important to cut off the easy option",0.081525356,0.0
205,Our midfield already looks overwhelmed lol,0.71945274,0.0
206,GARRY FUCKING NEVILLE AND MARTIN TYLER; WHAT HAVE I DONE ?!?!?!,0.7101045,0.0
207,City pressing like maniacs... Hope they will tire out soon enough,0.1693927,0.0
208,We're 9 minutes in. Shut the fuck up and relax,0.20531145,0.0
209,Can we keep the ball for more than 3 seconds,0.8873491,2.0
210,Thiago is awfully clumsy at the moment. He needs to be careful.,0.034879208,2.0
211,Iâ€™m just going to relax for this one. Itâ€™s all a bit experimental this season.,0.6061363,0.0
212,Seems like there are 8 blue shirts around the ball at all times.,0.46461755,0.0
213,Mindless balls just being launched up top again. Itâ€™s never going to work against the size of their defenders.,0.25986886,2.0
214,Worryingly they look more up for it,0.44196895,2.0
215,Took nine minutes this time for Martin Tyler to annoy me today. Usually itâ€™s less.,0.4291621,2.0
216,Looks like a fucking Royal Rumble in the MF. Fucking love it!,0.74972993,1.0
217,"Here boys, have the ball back",0.6490605,0.0
218,Looks like 20 players in that quadrangle.,0.21192035,0.0
219,"They're swarming us like crazy, if we keep our composure there will be openings",0.19466284,0.0
220,Tyler tirelessly sucking off the mancs ... Gonna make'em blow lmao,0.107340515,0.0
221,"Get the ball, give it back, get the ball, give it back",0.7992848,0.0
222,If Pep thinks that scarf is taking the focus off of his bald head then he's mistaken.,0.14131826,0.0
223,God you lot aren't fun anymore,0.67802376,2.0
224,It's going to be one of those games isn't it?,0.16468355,2.0
225,I don't think there are many players I hate more than Bernardo Silva. Of course they got him back on track just before they play us.,0.3531626,2.0
226,Spending over a billion and i dont even know half their players.,0.39671323,0.0
227,They all prob get ptsd the moment robbo crosses the ball,0.4112954,0.0
228,Get in boys! Bobby controlled a pass and played a red jersey. Things are looking up!,0.49326757,1.0
229,That's a super long time to allow advantage and still call it back,0.27914894,0.0
230,I think a lot of you weren't around when our forwards were Fabio Borini and Mario Balotelli,0.23341766,0.0
231,City surely can't keep up this press considering how they usually play? They're gonna get drained and we can capitalise hopefully,0.25495875,0.0
232,Call that both ways then Oliver.,0.25956553,2.0
233,I'm getting a bit annoyed that when Thiago starts it's basically a 50/50 chance we are starting out on a yellow.,0.1826781,2.0
234,"Firmino slowly jogging watching Bernardo run past him with the ball, why? I miss the Bobby in 2018.",0.11421618,2.0
235,This is a game where we need Fab in midfield,0.4585872,0.0
236,MT is really trying to use all his hoodoo tricks to summon a city win. Swear heâ€™s mentioned every stat under the sun,0.38291177,0.0
237,Robbo is nervous AF,0.52474517,2.0
238,[deleted],0.6939374,0.0
239,Trent's gonna have a mare with Sterling,0.77579767,0.0
240,This commentary is genuinely painful to listen to,0.3211065,0.0
241,Fuck sake Curtis! So wasteful,0.09380999,2.0
242,[deleted],0.6939374,0.0
243,Cross to nowhere of course,0.42165378,0.0
244,Trent is getting yelled at by everyone lmao,0.53610724,0.0
245,"Ah yes, the cross and insha'Allah is back",0.7671166,0.0
246,"We're looking meh in possession and they're hitting us on the break, they're gonna generate all the high % chances if this keeps up.",0.26238343,2.0
247,Great by curtis then bad by curtis,0.7150643,0.0
248,Back to crossing I see,0.5018423,0.0
249,Please no more zooms on that ugly ass tattoo on Ederson's neck...,0.5281486,2.0
250,...aaaaand cross,0.6939374,0.0
251,We went from having Killer counter attacks to killing our counter attacks.,0.3474414,2.0
252,"As any normal Liverpool fan, I'd take City as champions, instead of United no question, but it's easy to get reminded why City are so unlikeable. Bernardo Silva, Foden, Sterling, 6ix9ine",0.29728857,0.0
253,"This swarming tactic will cost them if we get out, opens up other areas! Boys this might be dangerous, but I'm feeling confident",0.18329227,1.0
254,When was the last time we scored a header,0.23938277,0.0
255,"For every bad tackle, Thiago makes a pass then I could not previously imagine that makes me feel all sorts of ways",0.65295434,0.0
256,What are the red marks on the city half of the field?,0.5735221,0.0
257,"SHOW THE FUCKING GAME...routine cross and catch, what the fuck?!?",0.45386147,2.0
258,Ive actually gone from super excited to whelmed to actually disappointed in Thiago. Is he trying to set booking records or something,0.20038158,0.0
259,Good stuff by Gini,0.84866166,1.0
260,I can't watch the match so I'm just refreshing the match thread... Thanks guys! Let's go Reds!,0.59276086,1.0
261,"Oooo Gini. 

Man he's gonna be some loss",0.64103055,2.0
262,Press has been great,0.58512866,1.0
263,"City have some of the best whiners in the league, never leave the ref alone",0.10242018,0.0
264,that was liquid from Gini to get out of trouble,0.5669798,1.0
265,"I'd never wish ill will on anyone. But when Martin Tyler is making coffee tomorrow morning, I hope he opens his fridge to discover he's got no milk.",0.035779238,0.0
266,Strong Dias run,0.1759347,1.0
267,"Quite obvious both teams are being cautious, disappointed Kabak hasn't started",0.2542256,2.0
268,Back to the defence again,0.19459322,0.0
269,"Every pass from City is ""glorious"". They're press is so ""quick witted"". They're so ""delightful to watch"".


STFU and take their dicks outta your mouth to breath, you commentating sluts. Horrendous to listen to.",0.2598492,0.0
270,Last season Bobby would have played it forward already...,0.73215055,0.0
271,Going on about Cityâ€™s domestic treble like anyone gives a fuck,0.20597818,2.0
272,Grabbing the refs arm should be an automatic yellow,0.22191867,0.0
273,What a relief to see a team try to play football against us. This is a good battle.,0.7107237,1.0
274,Nice Trent,0.72758144,1.0
275,Fuckin hell this game is intense,0.8054389,0.0
276,If firmino could just keep the ball I would be so happy,0.246182,0.0
277,"I miss when we used to counter attack with purpose and movement instead of passing, stopping, turning and proceeding to pop it around the back.",0.13691387,2.0
278,"Why does it seem like Thiago is back at the 6? Even before we lost to Burnley, I was begging for Gini to play the 6, as I feel he stymies attacks more when heâ€™s an 8.

Then, against Tottenham, Gini was 6, Thiago 8. We look better. Again vs West Ham.

Why have we reverted? :(",0.124260396,2.0
279,Our attackers canâ€™t beat anyone on the dribble anymore and wonâ€™t try.  Really has been hurting us on the counter recently cuz thatâ€™s how we used to score,0.35643888,2.0
280,why do we slow it down so much,0.15225148,2.0
281,Cityâ€™s transition game is something else.,0.8617501,0.0
282,"Canâ€™t play a game of football in Germany cause of COVID so we will send everyone to Hungary!

Wut?",0.7499702,0.0
283,Weâ€™re so fucking slow,0.5697523,2.0
284,These stalled counters are really frustrating,0.531199,2.0
285,Firmino always so soft on a ball like that,0.47217375,2.0
286,16 minutes and we havenâ€™t scored! This is a disaster!!! /s,0.64377916,2.0
287,Itâ€™s like they have told to let city get back in position before attacking,0.22730777,0.0
288,Let's stop our own counter attack just to pass it back to our CB.,0.540823,0.0
289,Where's the urgency smh,0.3006004,2.0
290,"After just bashing them, they are discussing a valid point of ours... we pull up on every attacking and countering scenario. 


That has to be coached, right? It's been that way for like 4 months.",0.045527726,0.0
291,"So unsurprisingly Gundogan is fine now, Thiago targeted definitely by city. Take the tackle, scream in agony and stay down until he's booked.",0.54402554,0.0
292,"Brilliant skill from Gini and Martin Tyler says, â€œoh appears to be a slight foul by Cityâ€
Canâ€™t stand his commentary of our matches",0.14522728,0.0
293,Aaand the box is full again.,0.13798115,0.0
294,"We need a center forward that wants to score. 

Weâ€™re on the counter and Firmino is basically at a quick jog.",0.36590672,0.0
295,oh there is some space?`how about we slow down the game. and then some more. i dont get it lately. almost every attack gets dragged down.,0.20674393,2.0
296,Yet another counter attack where we just slow down and pull it back.,0.35877472,2.0
297,So slow and static.,0.25479463,2.0
298,Teams have been sitting back so much recently that when we finally do get in some space we donâ€™t know what to do with it,0.26236677,2.0
299,Jones once again killing our forward momentum,0.31571728,2.0
300,Curtis Jones - where attacks go to die,0.2727769,2.0
301,Can't tell if Trent is awake today or sterling is still shit with 1v1s,0.26165152,0.0
302,we canâ€™t counter for shit lol we get near the box and stop and pass it backwards,0.4482336,2.0
303,Thatâ€™s a big problem. We let opposition get back into their shape wayyy to quickly. Before we never allowed team to even think.,0.54355615,2.0
304,"We never seem to want to play on the razors edge anymore, only counter when it's wide open and don't make the risky pass that could break it open",0.22159776,2.0
305,Take them on for christ sake!!!!!!,0.49586675,0.0
306,great match up for Trent vs Sterling. kick start his confidence again if it goes well,0.66682136,1.0
307,Have a feeling Klopp is going to use Jones as the eventual successor to Gini when he leaves in the summer. I'm all for it too because his ceiling is so high. Needs a bit more time though.,0.06574276,0.0
308,firmino is so fucking slow in transition. Looks like hes got weights on his feet.,0.24416447,2.0
309,Midfield needs to step up. Can barely keep possession. Hardly any link to the attack,0.10255879,2.0
310,Damn Thiago has been losing a lot of balls already,0.1851728,2.0
311,Just watching our attacks sputter and die into passing it around the back is becoming enraging,0.2524034,2.0
312,"That was a perfect example of what we're doing wrong. Jones gets the ball during a counter and just stops dead, waits for everybody to get back, then we play it back to the defence.",0.29445547,2.0
313,we should buy a new striker when we can,0.60468036,0.0
314,It canâ€™t be Klopp telling them to stop every attack by passing sideways and stopping the ball can it?,0.41010204,0.0
315,These breaks that we get where we just stop the ball and pass it back into defence are so frustrating,0.4809122,2.0
316,Dias looking a little nervy,0.2535228,0.0
317,Jones stopped the attack but I bet Thiago will be blamed,0.13850075,0.0
318,"Liverpool offense:

1.  Cross in from Robbo
2.  Pass back",0.7171366,0.0
319,Both teams really lethargic on the ball so far,0.3056876,2.0
320,[deleted],0.6939374,0.0
321,Ah fuck man Bobby that was a good pass my Mane under pressure there.... He didn't even try,0.82337093,0.0
322,This must be an instruction from the staff to slow the play down so much. It's been happening in a few games now. I don't understand it. Is it to protect our make shift defense? Bring back heavy metal football.,0.058912873,0.0
323,"I wish we start using those stupid mistakes our opponents make. People often talk about the teams against us playing perfect matches, but I'm not sure I agree with this. I feel like every match there's this consistent mistake our opponents make and we never use it.",0.11030424,0.0
324,"Is it me or is the commentary really really biased?

Think the game has been pretty even.",0.22410524,0.0
325,we look slow motion compared to them,0.19803324,2.0
326,Salah fully just slipped on a banana peel,0.74208146,0.0
327,Thank god Sterling is having a mare,0.8544744,0.0
328,"Really surprised Shaq hasn't started tbh, I think he's had a lot to offer since coming back into the team",0.26925457,0.0
329,Jones is slowing the attack down a bit.,0.13980317,2.0
330,I'm on my fourth online stream already after the first three crashed. I'm so close to demanding the money I didn't pay back,0.78717434,0.0
331,"Like, why is Firmino **stood** still on the edge of our box 'defending'. 

Everything is so so flat-flooted and sterile.",0.054321587,2.0
332,Their attacks are so much more direct up the middle than ours.,0.7514534,2.0
333,Is that a snake in trents pocket or is he just happy to see us?,0.34275207,0.0
334,"Thiago is the one guy that was going to and will still take us to the next level. He wasnâ€™t supposed to be playing in the situation we are in. No center backs. The two main midfielders playing in defense. In our fully healthy team, he unlocks us. In the current situation where the whole team is in makeshift positions and we are missing the best center back in the world, itâ€™s wrong to criticize a new player like Thiago.",0.18849406,0.0
335,Man we need Hendo back in midfield. Heâ€™s trying his best with his verbal assists but his screams are so muffled because of how far back he is :(,0.3599701,0.0
336,"Fuck me they are everywhere. And to think we used to be better than this...

On another note woulda loved to have Fabinho in midfield this match. Banger guaranteed",0.4006593,0.0
337,a bit of fucking urgency would be nice lads...,0.42458528,2.0
338,Gini looks pissed,0.77192163,0.0
339,so sexy gini,0.43295026,0.0
340,lmao Foden,0.32179463,0.0
341,"really depressing to see our counter attacks stop all the time, not fully committing anymore",0.20579106,2.0
342,What was that kick from Trent lol,0.7480458,0.0
343,Cmon guys we got this,0.61939657,1.0
344,again.... we counter and now itâ€™s back to alisson,0.19907713,2.0
345,Martin Tylerâ€™s commentary is pure cringe,0.52474517,2.0
346,Back to the defence AGAIN,0.19459322,2.0
347,Fuck Foden with the tactical fouling,0.23243505,2.0
348,"Gini to Foden: ""Lol bitch.""",0.2328279,0.0
349,I just want Jota back,0.41322926,0.0
350,"Shadow of our former self.

No confidence at all.

Look devoid of intensity and energy.",0.39647484,2.0
351,...aaaaaand slow it down,0.38325346,0.0
352,"Piss off Foden, little kid",0.53732526,2.0
353,Good by Jones there,0.78336227,1.0
354,Slowing down attacks has been our trademark this season,0.321423,2.0
355,Fuck off me bitch - Gini,0.08736801,2.0
356,I need that gif of Foden falling. That was great,0.5591257,0.0
357,Gini why don't you run after passing?,0.18694878,2.0
358,"Why the fuck do we slow down every time we get a break. Run at them, try and attack at pace",0.052871913,2.0
359,Good things happen when we get Gini going forward,0.50086,1.0
360,STOP GOING BACKWARDS,0.47374484,2.0
361,Haha Foden,0.6939374,0.0
362,Gini playing the 8 in a big game at anfield - one of the best mids in the world,0.40220958,1.0
363,We kill our own tempo,0.6116184,0.0
364,Just so sad we walked the league last season then got all these injuries this time. In another timeline we would be 5 points clear of City and this would be a real six-pointer for the title,0.24563834,0.0
365,RUN WITH IT FFS!!,0.19628662,2.0
366,"Oh my god stop just killing attacks. Break through the lines, then stop, turn around and pass it back. Fuck sake.",0.67024076,2.0
367,Some great play and then we lose all momentum....so frustrating,0.7651457,0.0
368,Why do they keep going backwards? This is crazy,0.40851536,2.0
369,Why do we keep stopping and putting our foot on the ball when we get to the final third.,0.3261888,2.0
370,"I swear I donâ€™t know anybody stronger on the ball than Gini, easier to move a mountain.",0.64637816,1.0
371,Get rekt Foden lol,0.7374546,1.0
372,I really love Klopp but sometimes he deserves a criticism. I've never seen a more coward Liverpool for 5-6 years. We never take risk it's disgusting.,0.56843007,0.0
373,Bobby...,0.6939374,0.0
374,Firminoâ€™s head is completely gone,0.52474517,0.0
375,Bobby â€œthe systemâ€ Firmino at it again,0.30042076,0.0
376,"We aren't moving off the ball. Nobody making runs to open thing up.

Just find a place to camp while we pass the ball around the back",0.27829766,2.0
377,Firmino.....,0.6939374,0.0
378,Bobby...what the fuck man,0.28597814,2.0
379,"Every time we get in their third, we stop, take a few touches, and play it back.",0.8413173,0.0
380,Back pass FC,0.78646696,0.0
381,We're just so... stagnant,0.478247,2.0
382,Fucking hell Bobby mate...,0.23575217,2.0
383,This is some serious butt clenching stuff.,0.83177054,0.0
384,Fucking hell.. Bobby's having a rough few months.,0.23575217,2.0
385,What the heck is going on. Why we keep playing back on a counter????,0.22782901,2.0
386,"Love ginis move there, and ofc we slow it right down",0.26840782,0.0
387,Gini busts a lung to look up and see three forwards on their heels posted up like an NBA center. Fuck. Movement!!,0.29809338,0.0
388,Team looks out of synch with each other,0.8415071,2.0
389,Fall Foden,0.6939374,0.0
390,Weâ€™re playing like snails so far,0.2480301,2.0
391,"I donâ€™t understand this slowing down in the final third. A burst of pace, then just hanging about until we give it away again.",0.20486677,2.0
392,"Announcers refusing to acknowledge that City is getting their defense set up exceptionally well and very quickly on our counters. Could be a reason for these stalled attacks vs ""lack of confidence""",0.2776518,0.0
393,Wow Bobby is literally selling himself at how shit he is. He just pass to a billboard.,0.6001935,2.0
394,We just look.. clueless,0.57565933,2.0
395,Is it just me or do we look exhausted 20 min in? Everyone just looks so tired,0.6508866,2.0
396,Firmino's off the boil atm,0.13517767,0.0
397,Geez gini just kills the tempo every time he has the ball,0.35759318,2.0
398,DEADLY COUNTERATTACKS,0.6939374,0.0
399,the streams are absolutely horrid today,0.3424461,2.0
400,Whats happened to this team man...,0.5674208,2.0
401,Between Firmino and Origi we have no striker in this team.,0.4336937,2.0
402,No movement off the ball,0.21090391,2.0
403,Why are our forwards literally incapable of finding any kind of space? Standing by their center backs isn't helping anyone,0.33860052,2.0
404,"That 10 seconds showed everything I love and hate about Wijnaldum.

Keeps the ball against all odds then when he gets in the final 3rd he stops dead and plays a weak pass behind Salah.",0.20045376,0.0
405,We have possession and of course firmino kicks it out,0.524459,0.0
406,"And we slow it down again, as if we havenâ€™t struggled to create chances for months now.",0.13834566,2.0
407,amazing how openly biased neville is. shite commentary,0.3107772,2.0
408,why the fuck do we keep stopping,0.10958436,2.0
409,Anyone else fuming with our sideways and backwards passing when faced with LITERALLY ANY DEFENSE,0.10953799,2.0
410,"We're losing midfield. We get possession and go back to the defense. No one gets open and we give the ball away. 

Rinse. Repeat",0.08839536,2.0
411,"â€œIt feeeeeeeels like we only go backwards, babyâ€",0.74241024,2.0
412,Is Jones playing DM lol? He's mopping everything up,0.43277955,0.0
413,Jones and Gini so good,0.61040163,1.0
414,Atleast we have some kind of pressing this match,0.54063606,1.0
415,Back to the old BR football of turn round and pass it to the CBs. Remember when we had quick wingers that used to run in behind?,0.1341976,0.0
416,Gini is so tough,0.19266185,1.0
417,Haha sit down Foden,0.28113955,0.0
418,"Can Jota please come back, Bobby needs a kick up the ass",0.5065776,0.0
419,Hahah Bobby man,0.83492506,0.0
420,"This sub is unbelievable, I donâ€™t even think the Southhampton sub were as miserable even when they got slaughtered 9-0",0.3049479,0.0
421,"Wijnaldum manages to make a brilliant run, gets near the box and no one is making a run, no one is moving",0.088549316,0.0
422,We're making it too easy for them,0.28354138,2.0
423,Firmino for crying out fucking loud,0.6995691,2.0
424,How the fuck can't we pass or control the fucking ball?!,0.27503514,2.0
425,We're so predictable. RB Position > Salah > Play stops dead/dispossessed... Back to centre backs.,0.3620119,2.0
426,"When I watch us attack, I legitimately feel like we pass it back to half at least 75% of the time. When you have 1v1s all over the place, fucking take your chances at least. Better than watching us knock it around and waste possession like we have been doing anyway.",0.41891783,2.0
427,Fuck off Gary,0.048432082,2.0
428,Is anyone else frustrated by how often we slow the play down on an attack? It gives teams a chance to get back. Drives me nuts sometimes,0.36180598,2.0
429,"I cannot understand why firmino continues to walk into the team, all hes done in 23 minutes is give the ball away twice",0.15382028,2.0
430,"Us playing slower has to be tactical. It looks tactical, we aren't pressing at 100% but it looks like we are pressing at key moments instead",0.16827926,2.0
431,Weâ€™ve learned nothing in the past month.,0.8542254,2.0
432,"why on eath are we so scared to go forward with the fucking ball, jesus christ",0.37177905,2.0
433,I guess everything is Thiagoâ€™s fault Right? Lol silly fans,0.21852681,0.0
434,Silva is such a fucking cunt,0.8342571,2.0
435,Trents defending has been really solid so far,0.05042115,1.0
436,"We need Henderson in the midfield, heads up lads",0.38600498,0.0
437,I think the word to describe how weâ€™re playing right now is â€˜neuteredâ€™.,0.1188173,2.0
438,We've completely lost our spark going forward. 4v4 with Gini busting through and the ball ends up back with Fab and Hendo. Would make you cry :(,0.35165918,2.0
439,If I have to watch us break away on the wings only to backpass and completely ruin the counter attack one more time I'm gonna vomit,0.3910436,2.0
440,We're being thoroughly outclassed.......cant say I'm surprised,0.41379017,2.0
441,Someone smash that little cunt Silva,0.42590338,2.0
442,Gini is breaking up more of our own attacks lol,0.66969824,2.0
443,"Backwards all the way to CB/GK again when we are in promising position, I have no words...",0.4129706,2.0
444,At least Trent has been intercepting well,0.49411196,1.0
445,Keep passing it backwards until we are 2 goals down,0.24899179,0.0
446,Snorefest,0.6939374,0.0
447,Where's the yellow card for kicking the ball away to stop a quick free kick? Since when has that not been a yellow....,0.026958942,2.0
448,Should have been yellow for kicking it away,0.2304461,2.0
449,"They must be told to do this because it makes almost no sense that then, Gini breaks 60 yards, stops, and turns round and ends up back with centre backs.

We have to take more risks if we wanna win anything",0.35222632,0.0
450,Looks like everyone has the fucking flu. Fuck me,0.46556568,2.0
451,The passing ðŸ˜­,0.50239813,2.0
452,"It is slightly bewildering, itâ€™s like we have no plan when we gain possession other than just keep possession. It seems like weâ€™re trying to just play opportunistically and wait for City to make a mistake",0.22799042,2.0
453,That should be a yellow no? Tried to play a quick free kick and two man city players kicked the ball away,0.06352064,2.0
454,"Why are players so frequently allowed to stop an opponent from taking a quick foul? From what I know it's offense worthy of a yellow card, but it very rarely seems to lead to booking, or even a warning.",0.041641384,0.0
455,"Just fucking kicked the ball away as we were in the process of taking a free kick, how on earth is that not yellow!?",0.15249678,2.0
456,Oliver letting Bernardo kick the ball away twice and then Sterling as well,0.12037936,0.0
457,"""Hang on Gini.. all 10 City players aren't back yet.. """,0.5394028,0.0
458,Frustrating to see a break and then pass goes back to the keeper.,0.34921366,2.0
459,FUCK,0.21771261,2.0
460,Man city players are such wankers,0.6353451,2.0
461,Noo Maneeee,0.6939374,2.0
462,Really need Dutch form Wijnaldum more,0.27310342,0.0
463,"While ofc there are tactical reasons whey were not playing well, I still think lack of fans is our number one problem for dipping in form. Anfield isnâ€™t Anfield without the fans :((",0.11622438,0.0
464,"Trent is playing great defense so far, really happy to see heâ€™s been working on it",0.30354235,1.0
465,Got to score,0.62713534,0.0
466,good try Mane!,0.914359,1.0
467,THAT WAS GOOD THO,0.750877,1.0
468,was the team instructed to pass it back once they get to the final third ?,0.33663672,0.0
469,Fucking YES Trent more of that mate,0.9277651,1.0
470,"That commentating there from Sky is unbelievably bad. No wonder Neville failed as a manager. How can we be attacking and bombing forward in recent games when we have played against a low block for 3 months in a row?

Also why would we press there when this billion pound team will just pass it around us leaving our midfield centre back duo exposed.

These people are paid to give their opinions would you believe. Clueless.",0.18454364,0.0
471,Trent looks like heâ€™s getting his form back. Heâ€™s been a big positive today in defense.,0.31623575,1.0
472,Unlucky sadio,0.6939374,1.0
473,Fuuuuccckkk!!! Trent doing well so far,0.5141104,1.0
474,The lack of confidence in the back is creating HUGE gaps between the front 3 and our kids during those counters,0.3434403,0.0
475,Holy fucking shit Trent that was incredible,0.9211394,1.0
476,At least thatâ€™s something,0.63289845,1.0
477,So frustrating when we make these runs forward only to stop and pass it back. It's like they forgot how to play football.,0.13756984,2.0
478,"Oh ffs, Mane has to score there",0.3973739,2.0
479,Fokkkkkkkkk,0.6939374,0.0
480,"midfield --> defence --> midfield --> defence 
repeat",0.7379478,0.0
481,SO CLOSE FUCK,0.6236956,1.0
482,Mane!! How could you miss that...,0.39458674,1.0
483,Mane has to bury that,0.156263,1.0
484,MANE come on man that has to go in ffs,0.7242764,1.0
485,Ooh mane,0.6939374,0.0
486,BREAKING: Signs of life shown at Anfield.,0.28455025,1.0
487,Great attempt!!!,0.929416,1.0
488,"gg Arnold, we want see this",0.53643155,1.0
489,Thatâ€™s brilliant from Trent,0.7396016,1.0
490,"Keep that up Trent, fuckin brilliant",0.7517048,1.0
491,SO CLOSE AHHHHHH!,0.7997588,1.0
492,What's the point of these counters when every time we just stop and pass it back?,0.40122747,0.0
493,"Close, great movement from Mane. Should be finishing that better",0.7701936,1.0
494,That was a nice attempt,0.38244715,1.0
495,MANEEE gotta finish that!!,0.45593923,1.0
496,More like it!,0.6776029,1.0
497,Silva not getting a yellow for literally kicking the ball away from gini's feet? wtf,0.086143136,0.0
498,Trent came to play,0.7361311,1.0
499,Taa our best player by miles today,0.27220654,1.0
500,"Great work from Trent, Mane maybe should do better.",0.8820802,1.0
501,Trent looks like he's got his pace back this match,0.2524506,1.0
502,Brilliant by Trent there. ManÃ¨ should be hitting the target. Better though,0.61359763,1.0
503,Mane on form and itâ€™s 1-0,0.5904269,1.0
504,Finally something happened! Come on!,0.9411597,1.0
505,Mane should've scored...,0.88195604,1.0
506,Brilliant from Trent. Sadi should do better,0.78487945,1.0
507,Trent has been phenomenal,0.53393906,1.0
508,"If City gets Haaland they are probably walking the league for the next few years


Fuck oil slave money plastic club",0.1110464,2.0
509,This thread is ridiculous lol. Playing the league leaders in fine form. Expecting to be up 3-0 already. Success really attracts idiot fans.,0.037730753,0.0
510,More of this please!,0.6976582,0.0
511,Trent is defending fantastically. Positioning is brilliant,0.44201007,1.0
512,Trent has been the shining light in this,0.41550565,1.0
513,Trent has actually been good this game. Both defense and attack,0.64110184,1.0
514,There is a lot of negative and clueless people in here today,0.09332514,0.0
515,"Mane has to score that fucking hell.

Brilliant from Trent there",0.2744791,0.0
516,"can't afford to miss chances this game, come on Sadio, bed the next one!",0.9740331,1.0
517,"Trent is playing so well. 

Mane should have that on target",0.58289576,1.0
518,More of that from Trent PLZ,0.8160802,1.0
519,"great play Trent! 

we've still got another gear to go up as well",0.6369175,1.0
520,"We would have needed to play perfect and have the run of the ball.

Neither is happening, which is to be expected with both Teams Form and confidence levels.

A 0-0 draw because City don't want to risk too much is the most we can hope for I think.

Edit: chances like that from Mane just have to be goals but aren't in current form.",0.026717812,0.0
521,fucking quality from Trent there.. Mane should have done better,0.7645059,1.0
522,"I never understand how its cool for opposing players to just fuck up the other teams player trying to put the ball back in play. Gini was setting up a free kick and gets the ball punted away from him. Yeah, right its all good man thats just how it goes. Lol",0.11802992,0.0
523,Gotta score that,0.85783416,1.0
524,"Have to say, Trent has been our best player by far. What a ball to Mane - should have been 1-0 up.",0.38414815,1.0
525,Big chance that. Hopefully that wakes us up and gives us some belief.,0.49772286,1.0
526,"It's mental how we would not have signed any CB if Matip had gone down in Brighton game instead of Spurs.

I get why we don't start Kabak but Irreversible damage already done by not signing a CB early in the window",0.08324775,0.0
527,"City looks so fast and fluid. People are mad to blame Thiago in this thread here tho. Needs to chill with his challenges, but ofc he still adjusting and it's a big game, while we are having our worst spell in years. We have to fix our attacking movement just as much as our defending",0.11799964,0.0
528,Trent looking much better today.,0.19268602,1.0
529,"Wow after seeing the replaying Iâ€™m surprised he didnâ€™t bury that.

The pressure though of this match it makes those chances feel bigger",0.5916699,1.0
530,TAA been great at least.,0.79870653,1.0
531,I can't bear to watch us hold up on counter attacks for another hour-plus. Just fucking go!,0.7188822,0.0
532,Should hit the target at least but I loved it regardless. More please.,0.5633806,1.0
533,Hopefully that galvanizes us to keep trying. We need some intensity,0.14574462,1.0
534,Lmao trent,0.705565,0.0
535,Long balls from hendo is what we need to beat the press.. more of the same please.,0.15461487,1.0
536,Sterling ðŸ˜‚ðŸ˜‚,0.6939374,0.0
537,Watch City crumble now,0.539327,0.0
538,"Good chance, that's what happens when you are a bit more positive in attacking",0.5947946,1.0
539,Iâ€™m loving the constant out-strengthing of these pussies,0.69989365,1.0
540,It was a good chance lads! Stay Positive!,0.9100944,1.0
541,trent gonna have a full pocket by the end of the night,0.36234176,1.0
542,"This feels like a 1-0 so far, with the goal coming out of absolutely nowhere",0.721931,0.0
543,"Trent best player on the pitch, bernardo Silva is a cunt.",0.7949052,0.0
544,"Great run forward earlier by Salah then it stalled with Curtis who hit it backwards. Was there nobody up with him to pass to? Mane? If not, could he not get it back to Salah or try a worldie, anything but going backwards?

Just get the ball to Mane, he can slice through their defence like a hot knife through butter.


Edit: I just been banned from this sub for a joke comment I made in a standup comedian's subreddit - nothing to do with this sub and it is an injoke. 

This comment:
https://np.reddit.com/r/TimDillon/comments/lcw4xg/-/gm33zb6


Why are the mods banning me for a joke they don't get in a different subreddit? They added the note 'really? Work on your etiquette.'

Talk about overreach and letting mod power go to your head. 

I would overlook that condescending bullshit if they actually took action against genuinely toxic trolls who abuse, stalk and attack people here.

Some salty mod has obviously not liked something I've said but can't admit that. How pathetic.",0.13347018,0.0
545,I love seeing Robertson bodying Man City players out of the  way. His passing needs to be better though,0.23914045,0.0
546,Aha that Hendo shout,0.45593923,0.0
547,Dreadful refereeing today,0.19143865,2.0
548,How is that a foul you fucking inept cunt?,0.7565584,2.0
549,ManÃ© and Robbo are the only guys that seem to remember the 'intensity is our identity' schtick from last yr.,0.33455265,0.0
550,"I somewhat understand the no-fans argument for underperforming, but there is also the side that you can concentrate, play more calculated football.",0.114629,0.0
551,ðŸ gonna ðŸ,0.6939374,2.0
552,"(~20:35) Looking for a clip of Gini shrugging off Foden for 20 yards, with Fodenâ€™s ugly ass eventually falling to the ground helplessly.",0.15060166,0.0
553,Thiago is really not on it today so far.,0.080599874,2.0
554,We've probably crossed it in 10 times a game for the past 2 months and when it finally goes well we still haven't trained how to head a ball...,0.5588288,0.0
555,Man it clearly shows how terrified the rest of the boys are going forward without a proper defence,0.24209967,2.0
556,"Absolute clown call over there, well whats new with this Oliver cunt",0.42417318,2.0
557,That's a lazy loss of possession Thiago...,0.6116195,2.0
558,Not exactly Michael Oliverâ€˜s best performance so far.,0.18099424,2.0
559,Thiago playing poor so far,0.15221497,2.0
560,Slippery Snake falling to the ground and doesn't get the call. You love to see it,0.45275941,0.0
561,Trent starting to show his class again! Been good so far defensively and offensively,0.3903665,1.0
562,ManÃ© could've maybe got away with that if he didn't act so guilty,0.30375212,0.0
563,Canâ€™t wait to have Jota back. He has to start as striker every single game,0.5379144,0.0
564,Why wonâ€™t Robbo run the ball to the touch line any more,0.13982403,2.0
565,Thiago and Bobby have been disappointing. Step it up,0.39998716,2.0
566,"Thiago has been losing too many balls, just breathe lad",0.4202275,2.0
567,"If we go behind, is there a chance Kabak could come on with Hendo pushed into midfield?",0.5994371,0.0
568,Just a straight dive there from Mahrez,0.44031474,0.0
569,"Stop and think for a minute here guys. Us playing fast would play into city's hands here, I reckon playing slower is tactical.",0.35546827,0.0
570,The city squad depth is baffling. Weâ€™re playing 2 mids at cb and they have Laporte on the bench. Fuck me.,0.43321386,2.0
571,"Thiago, mate.",0.6939374,0.0
572,Mahrez and diving - name a better duo.,0.40761226,2.0
573,Every game Fabinho and Hendo are in defense we are going to be worse off. They boss the midfield,0.075579554,0.0
574,Thiago needs to sharpen up. that was far too sloppy,0.09611708,2.0
575,[deleted],0.6939374,0.0
576,City without any Strikers. Us without any CBs lol!,0.44325864,0.0
577,Did Martin Tyler just say that Oliver officiated the 2016 World Cup final?,0.28789324,0.0
578,Could hear Hendo bollocking Thiago while they showed the replay of the foul ðŸ˜‚,0.080856144,0.0
579,Want a foul? Just stop running and kick your legs out behind you,0.48761216,0.0
580,"Gundogan knew it was a bullshit free kick, decided to just hit it out of play",0.71494246,0.0
581,Firmino...Well done,0.5395282,1.0
582,HOLU FUCK HOW,0.17810962,0.0
583,"i love thiagos play sometimes but realistically what as he done for us in his time here. When we need him to create, he goes and gets a yellow. Hope he can turn it around",0.18168682,1.0
584,good try Bobby!,0.914359,1.0
585,Nice try Bobby.,0.409437,1.0
586,"Klopp is definitely right about the fatigue, the buildup has been frustrating but i see why they're controlling the pace and conserving energy.",0.039625287,0.0
587,is anyone going to tell them they're breathing down the mic,0.056399435,0.0
588,Thiago doesn't put himself in a good position when he gets a yellow within 30 mins every game,0.14108744,2.0
589,Great effort Bobby.,0.929416,1.0
590,Good effort Bobby,0.914359,1.0
591,Great shot,0.929416,1.0
592,YES BOBBY,0.8579987,1.0
593,Oh Bobby. So close.,0.7807828,1.0
594,Wowww where did that come from Bobby? Great volley,0.6496061,1.0
595,What a strike,0.9037975,1.0
596,Firmino did well to salvage that attack,0.1667287,1.0
597,Sky are honestly embarrassing. The way they talk about us you'd think we're fighting relegation. Funny all the excuses for city when Laporte was injured. We have our 3 Cbs injured and we're still in the title talk,0.20722935,2.0
598,What a fucking strike Bobby lovely try,0.9721073,1.0
599,"GREAT shot Bobby, more of that",0.8952889,1.0
600,"FUCK that was good, put some respect on Bobbyâ€™s name yâ€™all",0.8044795,1.0
601,How the hell wasnâ€™t that a foul on ManÃ©,0.1258663,2.0
602,Wouldâ€™ve cried if that went in from Bobby,0.58004594,1.0
603,"Love it Bobby, great fucking strike",0.9716084,1.0
604,WOW BOBBY. Come on!!!,0.9566033,1.0
605,Fucking thank you Bobby. More of that,0.8352447,1.0
606,Curtis ðŸ‘,0.6939374,1.0
607,Go Bobby!,0.66822565,1.0
608,What a shot Firmino!! Didn't know you had that in you!!,0.3493055,1.0
609,WEVE GOT A SHOT ON TARGET LADS,0.7847111,1.0
610,God Bobby the technique is sublime,0.80049944,1.0
611,Bobby! Still love the man. Great hit.,0.95912266,1.0
612,There we go. Round 1 to Curtis.,0.37403202,1.0
613,HENDO!!!!,0.6939374,1.0
614,ManÃ© gets no love from refs for some odd reason.,0.5068955,0.0
615,There we go Bobby!,0.5110084,1.0
616,CURTIS well done lad,0.79114354,1.0
617,Fair play Bobby! Decent hit,0.81105614,1.0
618,Where has that Firmino been hiding?,0.18171829,1.0
619,great save CuJo!!,0.929416,1.0
620,Thiago needs to step up his game and start showing up. He's given away the ball a few times already and hasn't had a great performance for us yet,0.15263581,2.0
621,City's defensive shape and desire to get back behind the ball has been good this season and not something we want to see going forward.,0.16850758,0.0
622,"They one thing Iâ€™ve really noticed more than ever in the COVID era of football, is that referees are just so willing to give perfunctory little free kicks in nothing areas for fouls that donâ€™t exist. A defender goes down easily in possession and 9/10 itâ€™s a momentum stopping free kick",0.43132862,0.0
623,Thats why we need hendo in midfield. Those passes makes things happen,0.19771534,1.0
624,Bobby with the laser shot!,0.43247837,1.0
625,Nice Bobby,0.409437,1.0
626,I love a shot on target,0.9096373,1.0
627,What a strike Bobby,0.9037975,1.0
628,what a shot Bobby,0.8321676,1.0
629,Curt baby I love you,0.8958246,1.0
630,Bobby lad,0.9192892,1.0
631,Yes CUJO!,0.8579987,1.0
632,Thiago so close to red thereðŸ˜‚ðŸ˜‚,0.5652317,0.0
633,Wowsers. So close by Bobby there.,0.6977563,1.0
634,Letâ€™s go Curtis fantastic tracking,0.7901986,1.0
635,Why do the commentators never call out blatant dives?,0.1969052,2.0
636,"YES. 
Hendo in the final third for approximately 1millisecond and we were already more incisive.",0.6681464,1.0
637,Hell of a shot from Bobby! Venom in that!,0.29913563,1.0
638,jesus christ if that went in,0.43009925,1.0
639,I mean a brazilian banger is almost tradition against City,0.7289195,1.0
640,Looks as though weâ€™re growing into the game,0.71377444,1.0
641,Jones at CB incoming,0.59378856,1.0
642,Wow he hit that very well!,0.73341644,1.0
643,Well done cujo,0.5395282,1.0
644,Jones king,0.6939374,1.0
645,I know it didn't go in but why doesn't Bobby shoot with that much venom for easy chances.,0.07217798,1.0
646,fucking hell is that actually firmino?,0.29011992,1.0
647,Been impressed with Jones' defensive work so far,0.2611361,1.0
648,Good strike Bobby! Love to see it,0.8907714,1.0
649,Cmon Bobby,0.6939374,1.0
650,Just happy Thiago didn't make contact with Foden! Would have been 2nd yellow,0.27326888,1.0
651,Zinchenko looks like their weak link. Hope Trent and Mo can expose him.,0.7172547,0.0
652,Thiago lad whatâ€™re you doing,0.8737439,2.0
653,JONES FASTER THAN MBAPPE,0.9073013,1.0
654,Liverpool midfielders ðŸ¤ putting Foden in his place,0.7016039,1.0
655,Nice attempt Bobby.,0.409437,1.0
656,"We've looked a lot more competitive the last 5 minutes.

Keep it up!",0.7830539,1.0
657,"Thiago stretching for a second yellow, well done Jones",0.43788645,1.0
658,"A third of the game done. Both teams 1 shot. 0 shot on target. City with slight edge in possession. 

Maybe, just maybe, Klopp knows how to coach and be tactical based on the situation.",0.39492625,0.0
659,"CuJo should be a nailed starter at this point. Hard worker, great technical ability and can surprise you in the final third.",0.7710533,1.0
660,"Great covering from Curtis, but so close to a second yellow for Thiago.",0.43564805,1.0
661,"Lovely strike Bobby, more of those please",0.86528814,1.0
662,Thatâ€™s 3 times Jones has been superb on the cover. Great defending.,0.42833644,1.0
663,City aren't pressing like they were and we are being consistent. Heavy metal football isn't sustainable against city when they will just match us.,0.060028553,0.0
664,"They seem to be increasing the intensity over time, starting slow but building it up over time as City start leaving more openings.",0.2706148,1.0
665,Lol Fab's favorite move is pointing at Henderson then cutting the other direction,0.5469969,0.0
666,"Mistake by Thiago, nice foul by Mane to save things. Thaigo too casual there, can't do that in games like this, he's still fucking immense though, want to see more from him.",0.3336056,0.0
667,Finally growing into the game after a lot of possession for City early,0.61990935,1.0
668,Good job Bobby and Curtis. ðŸ‘,0.7520486,1.0
669,Thiago la my heart can't take this lol,0.96339685,0.0
670,Cum on my face Trent,0.94773775,1.0
671,Fuck off Foden with your scumbag haircut.,0.19628525,2.0
672,"Steady on Curtis Lad, Klopp will be playing you as CB.",0.7582818,1.0
673,That Firmino chance came out of Hendo's interception and quick thinking.,0.71816856,1.0
674,beautiful hit from Bobby,0.89967483,1.0
675,Watching Curtis blossom into a player who demands to be considered for the starting 11 has been a silver lining among all the injuries.,0.111059785,1.0
676,Good work from Jones to track back and cover that,0.417259,1.0
677,Ederson laying on the ground as if it's the 85th minute.,0.49726522,0.0
678,City playing like they're scared of us lol,0.21700779,0.0
679,Curtis is so good,0.43221775,1.0
680,Imagine jones at 25 years old,0.28018662,0.0
681,Mark my words: Bobby will score today.,0.78583956,1.0
682,Miles better than Wednesday. Hope we can do em,0.92084086,1.0
683,Curtis Jones is actually just as good as all our other midfielders at this stage,0.7786715,1.0
684,Past 5 minutes Bobby has been far better,0.2727658,1.0
685,Cheers zinchenko,0.6939374,0.0
686,We should keep putting pressure on Zinchenko. Heâ€™s the weak point of their defense,0.69995916,0.0
687,Firmino playing alright!,0.47723606,1.0
688,Trying to win a header in their box is kind of hilarious,0.7654482,0.0
689,TAA crosses look better this match,0.344428,1.0
690,Curtis looks to have shored up the defensive side of his game heâ€™s been everywhere so far,0.3766134,1.0
691,Will we ever score from a corner?,0.6171979,0.0
692,Curtis is actually our best midfielder. Kid's gonna be a star. He's already halfway there,0.5451865,1.0
693,Playing better. Thank god,0.70493454,1.0
694,We're beginning to seize control of the game,0.34275866,1.0
695,Hendo with the right idea. Use Cityâ€™s aggressive movement against them by switching the field.,0.1388621,1.0
696,Letâ€™s capitalize off this gifted corner,0.5803287,1.0
697,"Curtis from outside the box will be the first goal, quote me on it.",0.46243244,0.0
698,Zinchenko is their week link. Need Trent to keep on him.,0.5652485,0.0
699,Where are the cryarses? It was only the beginning of the game,0.53370243,0.0
700,"The double team on Mane is leaving lots of space for a late Robbo run, hope we can use it",0.6638304,0.0
701,Good seeing Trent attacking well today,0.64208364,1.0
702,"Great play by Hendo, setting up a nice effort by Bobby. Let the man play in his position, Kabak would love this shit.",0.8042972,1.0
703,"Seriously, is there any way to watch Sky without the commentary? It's got to that point.  Unbearable the lot of them.",0.098083675,2.0
704,Good vision from Jones.,0.8096006,1.0
705,Amazing how we can be so shit for the first 25 minutes and then just really start cranking up the pressure.,0.34140742,0.0
706,I want Kabak in the box for these set pieces,0.32237726,0.0
707,We absorbed all the pressure from city's press in the first 20 and they got nothing from it. Now watch us control the match.,0.26564234,0.0
708,"City losing here is title race on

We need to put them in their place",0.12073091,0.0
709,"Odds on Jurgen getting asked ,whatever the result is, are we in a title challenge?",0.6116416,0.0
710,"Weâ€™ve upped the tempo since that ManÃ© chance. But Hendo, Andy, and Thiago need to crank up the pace individually.",0.10930511,0.0
711,Is it possible for Martin Tyler to stop speaking absolute shite?,0.3151464,1.0
712,Would have already put 3 past them if they didn't have a decent defense this time,0.18162772,0.0
713,"Kabak on in the 2nd half and maybe put Hendo in midfield for Thiago? 

Please",0.5214536,0.0
714,Would love a Jones banger to shut up the Foden fanboys,0.67945445,1.0
715,Bobby is such a confidence player. He had the one moment of brilliance and is trying so many new creative bits now,0.36589313,1.0
716,Tell ya what Jones looks like he has a great brain for the game,0.73756945,1.0
717,"People really attacking Trent for every cross... Not evey cross is bad.

Don't think Trent's put a bad one in yet this game.",0.74591655,0.0
718,City will settle for a draw.. we need to take the game to them.. and this is more like it.. let's go.,0.23785478,1.0
719,Gundogan can piss right off,0.1716733,2.0
720,"Min 9: City with 65% possession

Min 35: Liv with 51% possession. 

We are growing into the game. And we have the only shot on target.",0.6791028,1.0
721,27th December last time we scored here. Fucking tragic,0.68128383,0.0
722,Hendo is so invaluable,0.19266185,0.0
723,"Much, much better from the lads",0.3062148,1.0
724,Trent took Ozan's nutmeg personally,0.88617736,0.0
725,Bullshit foul,0.30560482,2.0
726,Curtis pulling all the strings in midfield,0.70886654,1.0
727,"Not sure what game people are watching, we're actually playing well crosses and all.",0.3424754,1.0
728,"Release 
#Kabak

Let Hendo do his thing.",0.80052555,0.0
729,"They cant stop pushing Mo, it s annoying",0.36677805,0.0
730,fuck off penalty to them shits fuck cunts fuck off,0.038579404,2.0
731,That ridiculous haircut of Foden...,0.2681811,2.0
732,Why not just dive against us? You'll get away with it,0.35085756,0.0
733,Oh no,0.4204861,2.0
734,Fucking hell,0.23575217,2.0
735,"How many more times can Tyler mention that we haven't been free scoring at home?

All the more motivation to batter City.",0.41129246,0.0
736,Ffs fab,0.2980199,2.0
737,We should cover Salah's shirt with Vaseline or something. They just snag onto it for dear life and the refs like 'nono that is fine.',0.15734679,0.0
738,"I wish we had our long legged 6 playing the 6.

Edit: jk.",0.41574392,0.0
739,I literally can't wait until Hendo is able to play in the midfield again,0.22916752,0.0
740,Ffs,0.2980199,2.0
741,oh cmon,0.6634941,2.0
742,Fucking snake fuck diving cunt,0.5456239,2.0
743,Another dive â˜‘ï¸,0.8271681,2.0
744,Eeesh,0.6939374,2.0
745,Wtf?????,0.7438568,2.0
746,Fuck,0.21771261,2.0
747,He ran into him?,0.44369653,2.0
748,Fucking Sterling just ran into him lmao,0.46975678,2.0
749,Oliver was itching to give one,0.63298476,0.0
750,Fuck..,0.21771261,2.0
751,Too much of possession and nothing to show for.,0.3249219,2.0
752,Trent needs to challenge him earlier there. Fuck,0.1260576,2.0
753,It may be that they've got more presence or possession but the attempts are clearly on our side,0.15450385,0.0
754,Unbelievable,0.6939374,2.0
755,Fucking snake,0.870116,2.0
756,I don't enjoy football anymore.,0.5474478,2.0
757,THAT FUCKING SNAKE!!!!,0.4247299,2.0
758,Ffs,0.2980199,2.0
759,"Foden, you look like your mum gave you a haricut during lockdown.",0.7543405,2.0
760,Clear as day dive in front of the ref and he still gives it. Sterling going down before the ball is even past Fab,0.053997427,2.0
761,cant be arsed with that snake,0.24210912,2.0
762,Fuck off Gary who lets him commentate our games,0.07856712,2.0
763,Jones has some silky ball control man,0.7753626,1.0
764,Well that was stupid,0.19216222,2.0
765,Haahahahahahahahahahahhahahaahahhahahahahahahaahhahahahahahah fucking pathetic that !!!!!,0.7350685,2.0
766,That's really unlucky. Fab is trying to pull out there,0.2053929,2.0
767,That trailing leg is criminal,0.40803915,2.0
768,He literally just dove into his legs lmao,0.39183262,2.0
769,Oh for fuck sake.,0.15512362,2.0
770,Fuck off,0.048432082,2.0
771,Very very soft penalty,0.63664997,2.0
772,COME ON,0.9411597,2.0
773,Fuck off,0.048432082,2.0
774,ABSOLUTE BULLSHIT CALL,0.21955705,2.0
775,Dive,0.7694366,2.0
776,Shit from Fabinho,0.37045282,2.0
777,Trent and Jones best players on the pitch so far. Need Thiago to step up.,0.17733535,0.0
778,Thatâ€™s a dive,0.6891855,2.0
779,You always knew that was gonna happen.,0.55092615,0.0
780,MISSED LOL,0.7720187,1.0
781,Hahahah no,0.35033798,0.0
782,ðŸðŸðŸðŸðŸðŸðŸ,0.6939374,2.0
783,Wayyyyyyyyy,0.6939374,0.0
784,Michael Oliver should be disbarred.,0.58396477,2.0
785,Let Mahrez take it,0.95072794,0.0
786,What a dumb challenge,0.8321676,2.0
787,YEEEEEEOOOOOOO,0.6939374,1.0
788,The penalty curse continues!,0.719473,0.0
789,"Fans really thought city would come here and play open football lmao 

They are gladly letting us have all the possession. They will take their chances in the 2nd half like every other team has vs us and wait until we tire out",0.19495037,0.0
790,How many penalties has Fabinho been responsible for now?,0.24967659,0.0
791,Thank god he missed.,0.8527388,1.0
792,Yessssssssssssss,0.6939374,1.0
793,"He kinda swung the leg, but idk",0.10849702,0.0
794,Gundogan lookin like Max Holloway,0.41521108,0.0
795,Depressing,0.6939374,2.0
796,That was poor Fab,0.23721239,2.0
797,THE SPIRIT OF MAHREZ LIVES,0.64275694,0.0
798,Cmon Ali!!!,0.6939374,0.0
799,Lol,0.72085106,0.0
800,Oh my god,0.9435368,1.0
801,Fuck yeahhhhh,0.21771261,1.0
802,FUCK YEAH!,0.7076085,1.0
803,Lol get fucked,0.9292087,1.0
804,HAHAAHHAAH,0.6939374,1.0
805,Didn't know Snakes could fly like that,0.27400133,0.0
806,Get in !!!!!,0.8067581,1.0
807,...well that was- holy fuck what a penalty,0.5591461,1.0
808,Fuck me they are so bad at pens,0.34973967,1.0
809,This ain't rugby,0.8543482,0.0
810,Wheyyyyyyy fuck off gundogan,0.048432082,2.0
811,"Thanx Gundo, now fuck off.",0.06702116,0.0
812,LMAOOOOOOOO,0.6939374,0.0
813,Player goes down.. ref blows. New rule in football. Killing it for me,0.54360664,2.0
814,HAHAHAH YESSS,0.6939374,1.0
815,hahahahahahahaha,0.6939374,0.0
816,YESSS AGENT GUNDOO,0.6939374,1.0
817,AHAHHAHAHAH ANOTHER PENALTY MISS HAAHHAHAHAHAH DEARY ME,0.8978783,1.0
818,CMON ALI YOU GOT THIS,0.6563065,1.0
819,Seeeee ya,0.6939374,0.0
820,de bruyne flashbacks,0.6939374,0.0
821,What a miss,0.8321676,1.0
822,get fuckeddddddddddd,0.70967126,1.0
823,City are so shit at penalties ðŸ˜†,0.38896805,1.0
824,Why would he stick his leg out like that. Braindead,0.2209413,2.0
825,We need to be more direct for fuck's sake,0.036528796,2.0
826,Bull fucking shit,0.8492047,2.0
827,Man City and penalties at Anfield,0.27351475,0.0
828,Ah a Fab foul in the box. Standard.,0.3102706,0.0
829,"THE BALL DOES NOT FUCKING LIE. 

GET FUCKED YOU DIVING CUNTS",0.8564088,1.0
830,YESSSSS HAHAHA FUCK YOU YOU DICTATOR FELLATING BASTARD,0.7408649,1.0
831,He missed it almost IDENTICALLY to Mahrezâ€™,0.5227872,1.0
832,"City choke on penalties against us constantly, mental midgets",0.6652978,1.0
833,ball dont lie,0.5206743,1.0
834,Hahahahahahahahah,0.6939374,1.0
835,HAHAHHAHAHAHAHAH,0.6939374,1.0
836,pmsl rat cunt,0.6939374,2.0
837,Jones is looking really good . His passes are a bit lose but i am sure they will get better in time,0.08764237,1.0
838,Karma do be karma,0.5180428,0.0
839,dfk is with man city and missing pens,0.48904672,0.0
840,"Much much much better from Liverpool. 

City seem to have 20 men in the box somehow.",0.13012952,1.0
841,"ARE YOU MIKE DEAN

ARE YOU MIKE DEAN

ARE YOU MIKE DEAN IN DISGUISE!",0.71967125,0.0
842,BALL DONâ€™T LIE YOU FUCKING SNAKE,0.85877216,1.0
843,Gundogan like a Mahrez :D wow,0.77448964,0.0
844,The city Penalty curse strikes again,0.41947195,0.0
845,HAHAHAHAHAHAHAHAHAHAHAHAHAHAAH,0.6939374,0.0
846,Thank fuck,0.21771261,1.0
847,PAHAHAHAHAHA,0.6939374,1.0
848,*massive exhale*,0.6939374,1.0
849,What the fuck Gundo thanks I guess bud,0.14922896,0.0
850,Got off very lightly there,0.17357978,1.0
851,City love to miss a pen against us don't they?,0.5306406,0.0
852,"Fucking let off that, we need to cop the fuck on now",0.06142965,0.0
853,Lol they love a missed pen against us,0.7566025,1.0
854,What a bullet we dodged there,0.696813,0.0
855,Lmao what a pen,0.7330198,0.0
856,"faBEENno ????????
dumbass commentators shove it",0.73306805,2.0
857,Gundo gone,0.6939374,0.0
858,BALL. DONT. LIE.,0.5206743,1.0
859,Ball donâ€™t lie lmao,0.4490283,1.0
860,That just landed in my garden..,0.8518956,0.0
861,HAHAHGAGAHAGAGA,0.6939374,1.0
862,Lmao.,0.32179463,1.0
863,Get fucked you bald cunt,0.9383656,1.0
864,BALL DON'T LIE,0.6741165,1.0
865,LMAO WHAT,0.47728616,1.0
866,HAHAHAHAHAHA,0.6939374,1.0
867,Yayyyyyyy,0.6939374,1.0
868,"That's a pen, unfortunately. Fucking hell I hate this season",0.59012383,0.0
869,Hahahahha,0.6939374,1.0
870,Fabinho's so amazing at defending but he always fucking fouls.,0.08427626,0.0
871,ALISSON IS FUCKING NERVE WRECKING HE MAKES HIMSELF SO BIG W THE SUBTLETIES IN POSITIONING,0.7615547,0.0
872,Ali is the most intimidating man I have ever seen,0.5602181,0.0
873,hahahahhahahhaha what a pen,0.90999526,1.0
874,Soft penalty if you ask me,0.7570419,0.0
875,YEEEEEEEEEEEEEEEEEEEEEEEEEEEEEESSSSSSSSSSSSSSSSSS,0.6939374,1.0
876,Ball donâ€™t lie,0.6741165,1.0
877,Fuck these diving cunts!! Justice served!,0.8472185,0.0
878,Jones is the only one in the midfield wanting to dribble and pass it foward,0.70604837,1.0
879,Man city cannot take pens,0.92427635,0.0
880,Klopp sleeper cell agent,0.80390346,0.0
881,Lmaooo Gundogan,0.6939374,0.0
882,Flashbackssss,0.6939374,0.0
883,So.  Fucking.  Weak.,0.6791933,0.0
884,Lmao city are cursed against us when it comes to penalties. Isn't this the third one in a row where they don't even hit the target?,0.18012309,0.0
885,CAGOOOOOON,0.6939374,0.0
886,PHAHAHA,0.6939374,1.0
887,[deleted],0.6939374,0.0
888,Hendo be like â€œDIFFERENT CLASSSSâ€,0.23829088,0.0
889,Three huge penalty misses! Ali living rent free in man cityâ€™s heads!,0.8297653,0.0
890,ha ahaha hahahahahahaha,0.6939374,1.0
891,Ahahahahaha,0.6939374,1.0
892,YESSS AGENT GUNDOO,0.6939374,1.0
893,lmaoooooooooooo,0.6939374,1.0
894,)-)-)-)-AHAHAHAHAHAHAHAANNAAGAHAGAGA,0.6939374,1.0
895,hahahaha,0.6939374,1.0
896,HAHAHAHHAHAHAHAHAHHAHAHAHAHHAHA,0.6939374,1.0
897,For all the money they spend and the really good football they play. How can they be so mentally weak at times?,0.13447309,0.0
898,ILLLKAAAAAAAAY MY MAN,0.9317218,1.0
899,"Someone let me know when that lands in Stanley Park, thanks.",0.4459529,0.0
900,"Ball don't lie bitches. City and shanking away cheap penalties against us, name a better duo",0.25639063,0.0
901,hahaha eat shit,0.7533086,1.0
902,BALL DONâ€™T LIE,0.6741165,1.0
903,G*d is a red.,0.52474517,0.0
904,LMAOO fuck off sterling you cunt and Gundogan,0.059033424,0.0
905,ðŸ˜‚ðŸ˜‚ðŸ˜‚ðŸ˜‚ðŸ˜‚,0.6939374,1.0
906,Name a better duo than City and missing pens against Liverpool.,0.70943606,1.0
907,Itâ€™s gone to join mahrezs!!,0.38720536,0.0
908,Holy fuck the heart attack I just had,0.27472362,0.0
909,PEPâ€™s FACE - ðŸ˜‚ðŸ˜‚ðŸ˜‚ðŸ˜‚ðŸ˜‚ðŸ˜‚ðŸ˜‚,0.6939374,0.0
910,LET'S FUCKING GO,0.8527637,1.0
911,Hahaha,0.8636794,1.0
912,"There is a god, bye bye atheism!",0.5331061,1.0
913,Whhheeeeeyyyy,0.6939374,0.0
914,Ahaha hahahahaha ha ahhahahahaha wtfffff,0.6939374,1.0
915,Funny how Sterling started falling well before contact.,0.18036157,0.0
916,Me in FIFA,0.895487,0.0
917,Some kindakop vodoo with pennos against man city,0.72378266,0.0
918,Never stop laughing at that!!,0.28471994,0.0
919,Get fucked you snake,0.9383656,1.0
920,Mahrezzzz!!!!!,0.6939374,0.0
921,Ahahaha. City and missing penalties.,0.32602745,0.0
922,fucking justice,0.9350692,1.0
923,THIAGO SMIRKING IN THE BACK THE SHITHOUSE,0.53475666,0.0
924,BALL DONT LIE,0.5206743,1.0
925,No way ðŸ˜­ðŸ˜­,0.5240683,1.0
926,INTO ORBIT WITH MAHREZ HAHAHAHAHAHAHAHAH,0.49449548,0.0
927,Lol,0.72085106,1.0
928,HAHHAHAHA,0.6939374,1.0
929,We are all in Anfield in spirit,0.5679022,1.0
930,Pep absolutely rattled ðŸ˜­,0.7415867,0.0
931,What the hell was that,0.169752,0.0
932,Get fucked Raheem you cock!!!,0.9383656,1.0
933,THEY CANT HIT PENS AGAINST US LADS,0.70725197,1.0
934,HOW CAN PROS MISS PENS LMAO,0.40420425,0.0
935,Fucking snake that Sterling,0.7350685,2.0
936,Letâ€™s fucking keep this result â€˜till the HT,0.8846964,1.0
937,Thiago smiling lolll,0.6939374,1.0
938,Thiago broke his leg... calculated booking,0.6345364,1.0
939,Does Pep instruct them to miss against us? How many times is that now lol,0.21028626,0.0
940,Great hit by Ilaykay Gungombon.,0.9356778,0.0
941,Bahahahahahahhahahahahahaa,0.6939374,1.0
942,A goal now would fuck them mentally,0.25459495,1.0
943,Mahrez ðŸ¤Ilkay missing penos at Anfield,0.24448109,0.0
944,Sterling was horizontal by the time Fab made contact. Ball donâ€™t lie,0.5270843,0.0
945,Man city have missed their last three pens against us lol,0.863032,0.0
946,"Klopp got right in his head ""best player I've ever coached""",0.4551242,0.0
947,Agent Gundo,0.6939374,0.0
948,Kloppo's mind games worked on Gundo!,0.79684246,0.0
949,Hahahhahah what an awful pen,0.48163345,1.0
950,ATTACK ATTACK ATTACK!!!!,0.6939374,1.0
951,Lifeline please letâ€™s let that inspire us,0.6369672,1.0
952,Okay now I believe City are just cursed at Anfield LOL,0.3050142,0.0
953,Justice!,0.911634,1.0
954,Gundogan letting Fabinho off the hook here,0.13517767,0.0
955,Fuck I miss Virgil so much,0.11379689,0.0
956,"Mahrez, KDB and now Gundogan. 3 missed in 3 games. Mentality midgets",0.5563369,0.0
957,Yes robbo,0.8579987,1.0
958,City have been one of the best teams Iâ€™ve ever watched and yet theyâ€™re consistently shit at penalties,0.15954107,0.0
959,What is it with city and missing penalties against us,0.49987465,0.0
960,"Thats such a bullshit pen, thank fuck he missed

""Most fouled player"" means he's a diving snake cunt",0.5411699,2.0
961,Certified inshallah moment,0.6939374,0.0
962,![gif](giphy|Sv38aIxysrNUxgA0O7|downsized),0.6939374,0.0
963,"Lmaooooooo

Holy fuck LMFAOOO",0.6171313,1.0
964,Been playing with Mahrez too much,0.19142005,0.0
965,YES ROBBO!,0.8579987,1.0
966,MAHREZ 2.0 HAHAHAHAHAHAHA,0.6939374,0.0
967,Isnâ€™t that two games in a row they have missed the target at Anfield?!? Beautiful!,0.22382939,1.0
968,Fuck off Sterling you little rat.,0.08437371,2.0
969,"Okay basically, KDB and Gundogan are secret agents. There is no other explanations",0.118132085,0.0
970,VAR should watch the attacker and not just the defender.. Sterling threw himself over,0.20234749,0.0
971,"Phil Foden, with his â€œas seen on 24 hours in Police Custodyâ€ face.",0.6946334,0.0
972,Agent ilkay,0.6939374,0.0
973,Lol City and missing pens against us.,0.49573573,0.0
974,Another shit Tyler pun.,0.64968836,0.0
975,Nononoyes,0.6939374,0.0
976,Lol! Let's go lads!!!,0.8680738,1.0
977,At halftime I would bring on Kabak and move hendo into midfield for Thiago,0.5504848,0.0
978,"Hahahajajajajajahahhaha.

Bobby and the ground staff celebrating the miss ðŸ˜†",0.22881594,0.0
979,Salah quiet af so far,0.34845725,2.0
980,Bobby has had some really good touches.  Looking up for the occasion,0.272112,1.0
981,That's given if it's against us.,0.37373176,0.0
982,Not a handball but no doubt would have been called if that was us,0.08715749,0.0
983,But the Gomez one was handball and that wasnâ€™t?,0.19887552,0.0
984,"Guys, Jones is seriously good! Exciting prospect but already very mature.",0.72517943,1.0
985,"Come on Trent, bag it in",0.9559866,1.0
986,Great touch curtis,0.9376733,1.0
987,"Trent, go on lad.",0.93096936,1.0
988,That handball wouldâ€™ve been given against us.,0.6547855,0.0
989,Feels like this is going to be a 0-0,0.10334799,0.0
990,"Please 

please

Please",0.36508417,0.0
991,Everything but the final third has been great. We are slowing attacks down or being so fucking obvious bar Bobby's hit from outside the box.,0.12920943,0.0
992,This is a really good back and forth game. If I was a neutral Iâ€™d be loving this instead of Iâ€™m trying not to shit myself.,0.26520538,0.0
993,Curtis Jones man of the match so far,0.23247528,1.0
994,Bobby's doing very well.,0.42793995,1.0
995,"Bobby is placing the instinctive, impulsive passes that make him so scary.",0.16357934,1.0
996,"Look at Mane man, gets fouled and still gets back up to try and play the ball. He's been so active this half",0.19450909,1.0
997,"![gif](giphy|kdiLf3LHFIubA6vDC1|downsized)

How many times have you missed a penalty at Anfield pep?",0.38928935,0.0
998,Reports coming from NASA that a football has struck the international space station,0.6343727,0.0
999,Uhhh can we check that?? Plays through it and gets kicked again on the line,0.43530524,0.0
1000,Rodri wasn't even in the box lads. Not a handball.,0.38742304,0.0
1001,"Iâ€™m tired of these handballs blocking shots and the commentary saying â€œthatâ€™s be harsh if givenâ€. Mate, you know whatâ€™s also harsh? Not having a chance to score because players have their arms blocking shots.",0.20827681,0.0
1002,"Dear Trent, if youâ€™re ever going to get back your free kick mojo now would be perfect, thanks",0.37143594,0.0
1003,"Not a penalty, but it still irks me that Iâ€™ve seen other teams get penalties for the same thing this season.",0.8667385,0.0
1004,Lol Zincenko,0.72085106,0.0
1005,Trent has been immense defensively so far,0.33837253,1.0
1006,Go 'ed Trent,0.84867597,1.0
1007,"Curtis gave the ball away, if it was a Thiago there would be so many complaints",0.1146664,1.0
1008,Probably discussing who to play it short to haha,0.2568369,1.0
1009,Come on put this in the back of their net,0.946044,1.0
1010,Letâ€™s go Trent!,0.8818308,1.0
1011,LMAO dragging your teammate on the floor to the side was pretty funny ðŸ˜‚,0.46205384,1.0
1012,LMAOOO. Fuckin banter how he moved Zinchenko,0.3072548,0.0
1013,Watching Curtis's growth as a player has been amazing to watching.,0.110434234,1.0
1014,Lmao Dias moved that poor fella like he was some object on the floor,0.24920154,0.0
1015,Shot on target ðŸ‘,0.79684246,1.0
1016,ManÃ© and Bobby have really grown into this game,0.6975643,1.0
1017,"Should've been Trent, not Thiago",0.7847929,0.0
1018,I really miss those Suarez bend around the wall free kicks. Those were the best.,0.37581992,0.0
1019,"As much as I hate Martin Tyler, calling Zinchenko""the draught excluder"" was a good one.",0.7975253,0.0
1020,"Zinchenko, ""Paint me like one of your french girls""",0.87833005,0.0
1021,"2 SHOTS ON TARGET

2 SHOTS ON TARGET",0.79684246,0.0
1022,"Iâ€™ve gotten so God damn jaded with this sport this season.

Itâ€™s literally numbing watching them obsessing over a certain situations. Analyzing footage for 4 minutes on the most marginal of offsides, or going back and chalking off a goal because a player (whoâ€™s being mauled mind you) at the halfway line barely handles it (even though several passes and distance transpired).

But on that handball on the Salah shot, itâ€™s eerie how quickly not only the commentators will say shit like â€œoh thatâ€™s part and parcel. Nothing in thatâ€; and refs will barely even acknowledge it.

Itâ€™s gotten less consistent and clear by the month",0.18519655,2.0
1023,Is it just me or does Trent A-A walk a bit bowlegged?,0.63534474,0.0
1024,Zinchenko just casually being dragged along the floor,0.39250332,0.0
1025,"Iâ€™m all about that Fabinho energy

LETS GO",0.643134,1.0
1026,These empty stadiums are depressing. Football isn't meant to be played like this.,0.15754607,2.0
1027,Would love to see Hendo have a go at one of these.,0.72916263,1.0
1028,"#LET'S DO THIS


#COME ON, YOU REDMEN!!!!!",0.9523566,1.0
1029,##PAIN,0.6939374,2.0
1030,FUCKS SAKE ughhhhhhhh that looked so avoidable,0.41168132,2.0
1031,Trent not aggressive enough,0.44807273,2.0
1032,So fucking poor Trent. Played well first half then does that,0.48347718,2.0
1033,Thatâ€™s all on Trent,0.84906226,2.0
1034,How many times is Alexander Arnold going to get beaten. My God,0.711429,2.0
1035,Trent like a tree there,0.7181027,2.0
1036,Thatâ€™s cheap,0.45593923,2.0
1037,Fuck off Trent,0.1947523,2.0
1038,The snake does more than our front three together,0.8457371,2.0
1039,Lads...,0.89989674,0.0
1040,Jesus fucking christ trent,0.89108443,2.0
1041,Trent come on,0.9562238,2.0
1042,Ah fuck off,0.048432082,2.0
1043,Cant be arsed with Trent anymore,0.60936147,2.0
1044,Trent doing a great impression of a fucking traffic cone there.,0.9474596,2.0
1045,One of the softest goals I've ever seen,0.25246006,2.0
1046,FUCKING HELL,0.23575217,2.0
1047,Terrible defending but expected. Maybe that might wake us up but I'm not holding my breath.,0.05851072,2.0
1048,shocking from trent,0.80886745,2.0
1049,Who was Curtis marking...?,0.43291268,2.0
1050,Horrible defending,0.10249734,2.0
1051,Trent looking like a passenger lol,0.5445321,2.0
1052,Wait what are the fireworks for?,0.4537182,0.0
1053,Dear me,0.9061348,0.0
1054,Thatâ€™s on Trent but Thiago will be blamed,0.41824943,0.0
1055,Awful from TAA giving the ball away,0.09523335,2.0
1056,Poor from Trent who has been excellent all game,0.36741847,2.0
1057,Unfortunate for Ali. Defenders just stood like statues and watched them walk through us,0.21490926,0.0
1058,Trent...,0.88617736,0.0
1059,Who needs fans when you can just blow shit up?,0.16288644,2.0
1060,WHY CANT TRENT FORCE STERLING TO HIS LEFT FFS,0.3143977,2.0
1061,Trent was awful there,0.5356885,2.0
1062,Why can they just walk through the box?,0.1570645,2.0
1063,And there it is. The team that actually gets players in the box scores.,0.27563012,2.0
1064,Man Trent got rinsed.,0.83285594,2.0
